{
	"pages": [ //pages数组中第一项表示应用启动页，参考：https://uniapp.dcloud.io/collocation/pages
		{
			"path": "pages/index/index",
			"style": {
				"navigationBarTitleText": "首页"
			}
		}, {
			"path": "pages/concern/concern",
			"style": {
				"navigationBarTitleText": "关注"
			}
		},
		{
			"path": "pages/jianshuzuan/jianshuzuan",
			"style": {
				"navigationBarTitleText": "简书钻"
			}
		},
		{
			"path": "pages/messages/messages",
			"style": {
				"navigationBarTitleText": "消息"
			}
		},
		{
			"path": "pages/ucenter/ucenter",
			"style": {
				"navigationBarTitleText": "我的"
			}
		},
		{
			"path": "pages/ucenter/my_article",
			"style": {
				"navigationBarTitleText": "我的文章"
			}
		},
		{
			"path": "pages/ucenter/my_love",
			"style": {
				"navigationBarTitleText": "喜欢收藏"
			}
		},
		{
			"path": "pages/ucenter/task",
			"style": {
				"navigationBarTitleText": "任务中心"
			}
		},
		{
			"path": "pages/index/index",
			"style": {}
		},
		{
			"path": "pages/concern/addconcern",
			"style": {
				"navigationBarTitleText": "推荐好友"
			}
		}
	],
	"tabBar": {
		"color": "#000000",
		"selectedColor": "#969696",
		"backgroundColor": "#fafbff",
		"borderStyle": "black",
		"list": [{
				"pagePath": "pages/index/index",
				"iconPath": "static/home.png",
				"selectedIconPath": "static/home-active.png",
				"text": "首页"
			},
			{
				"pagePath": "pages/concern/concern",
				"iconPath": "static/attention.png",
				"selectedIconPath": "static/attention-active.png",
				"text": "关注"
			},
			{
				"pagePath": "pages/jianshuzuan/jianshuzuan",
				"iconPath": "static/logo1.png",
				"selectedIconPath": "static/logo1-active.png",
				"text": "简书钻"
			},
			{
				"pagePath": "pages/messages/messages",
				"iconPath": "static/message.png",
				"selectedIconPath": "static/message-active.png",
				"text": "消息"
			},
			{
				"pagePath": "pages/ucenter/ucenter",
				"iconPath": "static/mine.png",
				"selectedIconPath": "static/mine-active.png",
				"text": "我的"
			}
			
		]
	},
	"globalStyle": {
		"navigationBarTextStyle": "black",
		"navigationBarTitleText": "uni-app",
		"navigationBarBackgroundColor": "#F8F8F8",
		"backgroundColor": "#F8F8F8",
		"navigationStyle": "custom"
	}
}
